Tier,College Name,Location,Placement Officer Name,Designation,Phone,Email,Alternate Contact,Website,Verification Status
Tier 2,Dayananda Sagar College of Engineering (DSCE),"Kumaraswamy Layout, Bangalore",Mr. M.N. Guruvenkatesh,SVP - Placements & Skill Development,"+91 9844165956, 080-26663981",gm-cr@dayanandasagar.edu,"Mr. Nagesh Puranik: +91 9739213552; Mr. V. Bharath Choudry (TPO): +91 7402111074, placementcell@dsce.ac.in",https://www.dsce.edu.in/placements,Verified
Tier 2,Nitte Meenakshi Institute of Technology (NMIT),"Yelahanka, Bangalore",Dr. Vinayaka N,"Deputy Director, Career Development Cell","+91 9902385846, 080-22167821",dydirector.cdc@nmit.ac.in,"Vinayak Pavukar (TPO): +91 7676582314, nmit.placement@nmit.ac.in; placement@nmit.ac.in",https://www.nmit.ac.in,Verified
Tier 2,Bangalore Institute of Technology (BIT),"VV Puram, Bangalore",Dr. Reddappa Hosur,Training & Placement Officer,"+91 9448203812, 080-22422741",placement@bit-bangalore.edu.in,bitplacement@yahoo.com,https://bit-bangalore.edu.in/placement-about,Verified
Tier 2,BMS Institute of Technology & Management (BMSIT),"Yelahanka, Bangalore",Mrs. Ambika R. Subhash,Training & Placement Officer,"+91 9980432684, 080-68730426",placement@bmsit.in,Dr. Saneesh Cleatus T (Dean); bmsit.placements@gmail.com,https://bmsit.ac.in/placement-contact-details.php,Verified
Tier 2,New Horizon College of Engineering (NHCE),"Kadubeesanahalli, Bangalore",Mr. Pradeep Kote,Sr. Director - Career Development Centre,+91 9740033009,sr.dir_cdc@newhorizonindia.edu,Mr. Anis Mirza: +91 9900072558; tpo_nhce@newhorizonindia.edu,https://placements.newhorizoncollegeofengineering.in,Verified
Tier 2,REVA University,"Yelahanka, Bangalore",Dr. N. Ramesh,"Dean - Training, Placement & Planning",080-46966966 (Ext: 166/162/238),placement@reva.edu.in,Career Development Centre,https://www.reva.edu.in,Verified
Tier 2,RNS Institute of Technology (RNSIT),"RR Nagar, Bangalore",Dr. Mamatha G,Head - Training & Placement and CDC,"+91 9945744833, 080-28611880",placement@rnsit.ac.in,Mr. Muralikrishna K Mysore: 080-28611880; MBA: placement.mba@rnsit.ac.in,https://www.rnsit.ac.in/placements,Verified
Tier 2,MVJ College of Engineering,"Whitefield, Bangalore",Prof. Ujjwal Divakaran,Director - Placements,"+91 80-42991080, +91 9606056954",director.placement@mvjce.edu.in,Placement office: +91 80-42991030,https://mvjce.edu.in/admissions/placements,Verified
Tier 2,JSS Academy of Technical Education (JSSATE),"UTTarahalli, Bangalore",Dr. Sharana Basavana Gowda,Training & Placement Officer,"+91 9448771562, 080-28612565",placements@jssateb.ac.in,Mr. Balaji S: +91 9036088994; jssate.placement@gmail.com,https://www.jssateb.ac.in/placement,Verified
Tier 2,Dr. Ambedkar Institute of Technology (DAIT),"Mallathahalli, Bangalore",Ms. Mary Cindrella J,Placement Officer,+91 9900016269,placements@drait.edu.in,placement.training@drait.edu.in; corporaterelations@drait.edu.in,https://drait.edu.in/home/Placement-Contact-Us,Verified
Tier 2,Global Academy of Technology (GAT),"Rajarajeshwari Nagar, Bangalore",Vinod Gangadhar,GM - Training & Placement,"+91 9110262631, 080-28603158",gm.placements@gat.ac.in,Mageshwaran R: placement@gat.ac.in,https://gat.ac.in,Verified
Tier 2,BNM Institute of Technology (BNMIT),"Banashankari II Stage, Bangalore",Dr. Saritha Chakrasali,Head - Training & Placement,"+91 9945035647, 080-26717191",director_placement@bnmit.in,placement_office@bnmit.in; MBA: mbaplacements@bnmit.in,https://www.bnmit.org/department-of-training-placement,Verified
Tier 2,SJB Institute of Technology (SJBIT),"Kengeri, Bangalore",Prof. Prashanth B.R.,"Director - Corporate Affairs, T&P","+91 9902808424, +91 9916101233",placement@sjbit.edu.in,Mr. Kumara M (HR Manager): +91 9900638899,https://sjbit.edu.in/training-placement,Verified
Tier 2,Sir M Visvesvaraya Institute of Technology (Sir MVIT),"Hunasamaranahalli, Bangalore",Mr. Vijay Kumar S L,Training & Placement Officer,+91 9740664520,vijaykumar_tpo@sirmvit.edu,sirmvitplacementoffice@gmail.com,https://www.sirmvit.edu/placement,Verified
Tier 2,RV Institute of Technology & Management (RVITM),"JP Nagar 8th Phase, Bangalore",Md Ataullah,Deputy Director - Placements,+91 8892254606,placement.rvitm@rvei.edu.in,Dr. Mallanagouda Patil: +91 9900498526,https://www.rvitm.edu.in/placements,Verified
Tier 2,RajaRajeswari College of Engineering (RRCE),"Mysore Road, Bangalore",Dr. Parameshwara P,Dean - Training & Placement,"+91 9945938845, 080-28437124",parameshwara@rrce.org,Dr. Bheemeswara Reddy V: +91 9035806160; placements@rrce.org,https://www.rrce.org/placement-contact,Verified
Tier 2,Alliance University,"Anekal, Bangalore",Placement Office,Office of Career Advancement & Networking,+91 80 46199066,placements@alliance.edu.in,Bindu E V: bindu.ev@alliance.edu.in,https://www.alliance.edu.in,Verified
Tier 2,CMR University,"HRBR Layout, Bangalore",Aditya Gupta,Director - Training & Placements,+91 80 25426977,aditya.g@cmr.edu.in,Farheen Khan: +91 6364071545; Gopalakrishna M: +91 9513444634,https://cmr.edu.in/placement-cell,Verified
Tier 2,Nagarjuna College of Engineering & Technology (NCET),"Devanahalli, Bangalore",Placement Cell,Office of Placements,080-67462700/701/702,info@ncetmail.com,Visit ncet.co.in/placements,https://ncet.co.in/placements,General Office
Tier 2,Dayananda Sagar University (DSU),"Kumaraswamy Layout, Bangalore",Placement Cell (DSI Group),Centralized Placement Division,"+91 9844165956, 080-26663981",gm-cr@dayanandasagar.edu,Same as DSCE placement contacts,https://www.dayanandasagar.edu,Verified
Tier 2,Jyothy Institute of Technology (JIT),"Kanakapura Road, Bangalore",Prof. Akhilesh Sathyanarayan,Training & Placement Head,+91 8884253488,placement@jyothyit.ac.in,,https://jyothyit.ac.in/placements,Verified
Tier 2,SEA College of Engineering & Technology,"KR Puram, Bangalore",Dr. Chidanand Prasad R,Director - Placements,+91 8095700789,director.placements@seaedu.ac.in,placement.seacet@gmail.com,https://seacet.edu.in,Verified
Tier 2,Sri Revana Siddeshwara Institute of Technology (SRSIT),"Chikkajala, Bangalore",Mrs. Sowmya R. Raghavendra,Placement Officer,080-33647779 (Ext: 2),director@srsect.edu.in,principal@srsect.edu.in; +91 9972856004,https://srsect.edu.in/training-placements,Verified
Tier 2,Vemana Institute of Technology,"Koramangala, Bangalore",Prof. Somashekar,Director - Training & Placement,"+91 9902329749, +91 9902161133",placements@vemanait.edu.in,Dr. Byra Reddy G R (Placement Officer),https://vemanait.edu.in/placement.html,Verified
Tier 2,Jain (Deemed-to-be) University - Faculty of Engineering,"Kanakapura Road, Bangalore",Placement Section,Student Career Advisory & Placement Support,"+91 9900385871, +91 9342345677",placements@jainuniversity.ac.in,placements.set@jainuniversity.ac.in; senthil.nk@jainuniversity.ac.in,https://set.jainuniversity.ac.in/placements,Verified
Tier 2,Christ University - School of Engineering & Technology,"Kengeri, Bangalore",Mr. Prabhudev B V,Placement Officer,"080-62689851, +91 7829557070",placements.soet@christuniversity.in,Mr. Raja Subramanian M (Assoc Director): rajasubramanian.m@christuniversity.in; placements.engg@christuniversity.in,https://bkc.christuniversity.in/center/C/CGC/our-team-placements,Verified
Tier 3,CMR Institute of Technology (CMRIT),"Kundalahalli, Bangalore",Dr. Poonam V. Tijare,Director - Training & Placement,"+91 9342581014, 080-28524466",director.placement@cmrit.ac.in,placements@cmrit.ac.in,https://www.cmrit.ac.in/placements/contact-us,Verified
Tier 3,Acharya Institute of Technology,"Soladevanahalli, Bangalore",Dr. Hemamalini M J,Director - Placements,+91 7406644449,hemamalini2951@acharya.ac.in,placements@acharya.ac.in; pramod.nadig@acharya.ac.in,https://www.ait.ac.in/placement.html,Verified
Tier 3,AMC Engineering College,"Bannerghatta Road, Bangalore",Placement Cell,Training & Placement Department,+91 9902044117,placements@amceducation.in,General: +91 9902044114,https://www.amcgroup.edu.in,Verified
Tier 3,Atria Institute of Technology,"Hebbal, Bangalore",Mr. Narasimha Sastri K,Head - Trainings & Placements,+91 8792965212,tpo@atria.edu,celestina.s@atria.edu,https://atria.edu.in,Verified
Tier 3,Don Bosco Institute of Technology (DBIT),"Kumbalagodu, Bangalore",Prof. Umesh V,Director - Training & Placement,"+91 7259855234, 080-28437028",placements@dbit.co.in,Mr. Abhishek TV (T&P Dept),https://dbit.edu.in/placements,Verified
Tier 3,East West Institute of Technology (EWIT),"Vishwaneedam, Bangalore",Mr. Rajendra B.N,Director - Placements,"+91 8904118555, 080-23288899",rajendra.bn@ewit.edu.in,principal@ewit.edu.in,https://ewit.edu.in/placement,Verified
Tier 3,East Point College of Engineering (EPCET),"Bidarahalli, Bangalore",Prof. Dhananjaya,Director - Training & Placement,"+91 9986400400, +91 9916906243",placement@eastpoint.ac.in,Mr. Sachin N. Gudimani (Head T&P),https://epcet.edu.in/placement,Verified
Tier 3,Presidency University,"Yelahanka, Bangalore",Dr. B.V. Prabhu,Director - Placements (In Charge),+91 9442805410,bvprabhu@presidencyuniversity.in,komala.r@presidencyuniversity.in; mohammedasift@presidencyuniversity.in,https://presidencyuniversity.in/placements,Verified
Tier 3,BTL Institute of Technology & Management,"Bommasandra, Bangalore",Placement Cell,Training & Placement,"080-27833370, 080-27835319",btladmissions@gmail.com,+91 7338134797,http://www.btlitm.edu.in,General Office
Tier 3,KS School of Engineering & Management (KSSEM),"Kanakapura Road, Bangalore",Dr. Harish R,Training & Placement Officer,"+91 8496849656, +91 9845848331",placement@kssem.edu.in,Mr. Santhosh Kumar K J: +91 7829659656,https://kssem.edu.in/about_placement,Verified
Tier 3,Sai Vidya Institute of Technology (SVIT),"Rajanukunte, Bangalore",Prof. Anand Kumar V,Placement Head,"+91 9108015199, +91 9738541844",placement@saividya.ac.in,Ms. Gagana T M: +91 7019596474,https://saividya.ac.in/placement,Verified
Tier 3,Sambhram Institute of Technology,"Jalahalli East, Bangalore",Mrs. Rashmi Rajeev,Head - TPO,"+91 8762631908, +91 9686179674",placements@sambhram.org,Mrs. Ramya Hariharan: +91 7204331871,https://sambhramit.com/contact-placements,Verified
Tier 3,Cambridge Institute of Technology,"KR Puram, Bangalore",Bhanurekha Reddy,Director - Training & Placements,"+91 8884107007, 080-25618798",bhanu.director@cambridge.edu.in,Muyeez Pasha (Placement Officer),https://engg.cambridge.edu.in,Verified
Tier 3,Brindavan College of Engineering,"Yelahanka, Bangalore",Kavya N Reddy,Placement Officer,+91 6362127931,placement@brindavancollege.com,Bhavit Kumar Tripathi: +91 8147546163,https://brindavancollegeofengineering.com,Verified
Tier 3,Sapthagiri College of Engineering,"Hesaraghatta, Bangalore",Prof. Gurucharan Singh,Group CHRO - Placements,"+91 9008509999, +91 9611277233",gurucharan.singh@snpsu.edu.in,principal@sapthagiri.edu.in,https://sapthagiri.edu.in/placementcell,Verified
Tier 3,APS College of Engineering,"Kanakapura Road, Bangalore",Dr. Narsimha R Parvatikar,Placement Officer,"+91 9448576930, 080-28432108",placementaps@gmail.com,principal.apsce@gmail.com,https://www.apsce.ac.in,Verified
Tier 3,GSS Institute of Technology,"Kengeri, Bangalore",Prof. Varadaraj Iyenger,Head - Training & Placement,"080-28482515, 080-28482516",secretary@gssit.org,info@gssit.org,https://gssit.org,Verified
Tier 3,ACS College of Engineering,"Mysore Road, Bangalore",Komala R,Training & Placement Officer,"080-29748777, 080-29748333",admission@acsce.edu.in,Contact placement via college office,https://www.acsce.edu.in/about-placement,Verified
Tier 3,The Oxford College of Engineering,"HSR Layout, Bangalore",Dr. Bheemeswara Reddy V,Dean - Training & Placements,+91 9035806160,hodplacements@theoxford.edu,"Prof. Rajesh G.L: +91 9916468891, placements@theoxford.edu",https://www.theoxfordengg.org,Verified
Tier 3,T. John Institute of Technology,"Bannerghatta Road, Bangalore",Prabhin V S,Training & Placement Officer,"+91 9500692614, 080-49030544",tjitplacement@tjohngroup.com,placementcell@tjohngroup.com,https://tjohncollege.com,Verified
Tier 3,HKBK College of Engineering,"Nagawara, Bangalore",Spoorthy Mahadikar,Head - Placements,"+91 8951899042, 080-25441722",placements@hkbk.edu.in,Prameela B: +91 9035000407,https://hkbk.edu.in/engineering/placements,Verified
Tier 3,Alpha College of Engineering,"Hennur-Bagalur Road, Bangalore",Mr. N. Hussain,Director - Placement & Training,"080-28445218, 080-28445248",info@alphace.ac.in,admissions@alphace.ac.in,https://www.alphace.ac.in,General Office
Tier 3,City Engineering College,"Kanakapura Road, Bangalore",Dr. Mohammed Mathenulla Shariff,Training & Placement Officer,+91 9880521339,placements@cityengineeringcollege.ac.in,College: +91 9880411361,https://cityengineeringcollege.ac.in/placements,Verified
Tier 3,Impact College of Engineering & Applied Sciences (ICEAS),"Kodigehalli, Bangalore",Placement Cell,Training & Placement (Wg. Cdr Ganesan / Mr. Ramaprasad),"+91 8050011855, +91 8880810015",info@impact.ac.in,engg@impactinstitutions.org; admissions@impact.ac.in,https://impact.ac.in,General Office
Tier 3,Akash Institute of Engineering & Technology,"Devanahalli, Bangalore",Placement Cell,Training & Placement,+91 9513107575,sindhu.placement@akashinstitutions.com,Info@akashiet.com,https://www.akashinstitutions.com/placements,Verified
Tier 3,Vivekananda Institute of Technology (VKIT),"Kumbalagodu, Bangalore",Dr. Shaila,Placement Officer,"+91 9964579958, 080-28437036",principal@vitb.ac.in,vkitprincipal@gmail.com,https://vitb.ac.in,Verified
Tier 3,Sri Krishna Institute of Technology (SKIT),"Chikkabanavara, Bangalore",Nethravathi B,Training & Placement Officer,"080-28392221, +91 9731296446",info@skit.org.in,Contact via college website,https://skit.org.in/placements,Verified
Tier 3,KNS Institute of Technology,"Yelahanka, Bangalore",Mr. Mujtaba Waseem,Placement & Training Officer,"+91 9900033935, 080-28567955",placement@knsit.com,info@knsit.com,https://knsit.in/placements,Verified
Tier 3,Rajiv Gandhi Institute of Technology (RGIT),"RT Nagar, Bangalore",Ravikumar N,Head of Corporate Relations,"+91 9844157207, 080-23631145",placement@rgit.ac.in,principal@rgit.ac.in,https://www.rgit.ac.in,Verified
Tier 3,PES University (Engineering),"100 Feet Road, Bangalore",Placement Office,Career Development Cell,080-26721983,placement@pes.edu,Contact PES placement portal,https://www.pes.edu,General Office
Tier 3,Ramaiah University of Applied Sciences (RUAS),"MSRIT Campus, Bangalore",Placement Cell,Training & Placement,080-23600810,placement@msruas.ac.in,Contact MSRIT placement coordination,https://www.msruas.ac.in,General Office
Tier 3,Nitte School of Engineering (NSE),"Yelahanka, Bangalore",CDC Office,Career Development Centre,080-22167821,placement@nmit.ac.in,Same as NMIT contacts,https://www.nitte.edu.in,Verified
Tier 3,Global Institute of Technology (GIT),"Rajajinagar, Bangalore",Placement Cell,Training & Placement,080-28603158,placement@gat.ac.in,Note: Different from GAT - verify college,https://gat.ac.in,General Office
Tier 3,Sri Sairam College of Engineering (SSCE),"Anekal, Bangalore",Placement Cell,Training & Placement,080-27822000,principal@sairam.edu.in,Contact college for TPO,https://www.saice.ac.in,General Office
Tier 3,Nitte Meenakshi Institute of Technology - MBA,"Yelahanka, Bangalore",CDC Office,Career Development Centre,080-22167821,placement@nmit.ac.in,Dr. Vinayaka N: +91 9902385846,https://www.nmit.ac.in,Verified
Tier 3,Nitte School of Architecture (Engineering wing),"Yelahanka, Bangalore",CDC Office,Career Development Centre,080-22167821,placement@nmit.ac.in,Nitte group placement,https://www.nitte.edu.in,General Office
Tier 3,R.V. College of Architecture (Engineering affiliated),"Jayanagar, Bangalore",Placement Cell,Training & Placement,080-67178000,placement@rvce.edu.in,RVCE group placement,https://www.rvce.edu.in,General Office
Tier 3,Nitte School of Management (Engineering placements),"Yelahanka, Bangalore",CDC Office,Career Development Centre,080-22167821,placement@nmit.ac.in,Nitte group,https://www.nitte.edu.in,General Office
Tier 3,East Point Group - MBA/MCA Placements,"Bidarahalli, Bangalore",Mr. Sachin N. Gudimani,Head - Training & Placement,+91 9916906243,placement@eastpoint.ac.in,Prof. Dhananjaya: +91 9986400400,https://epcet.edu.in/placement,Verified
Tier 3,Don Bosco Institute of Technology - MCA,"Kumbalagodu, Bangalore",Prof. Umesh V,Director - Training & Placement,+91 7259855234,placements@dbit.co.in,,https://dbit.edu.in,Verified
Tier 3,Presidency University - MBA Placements,"Yelahanka, Bangalore",Ms. Kavitha V,Associate Director - CSIC,+91 9944798031,kavitha.v@presidencyuniversity.in,Mr. Mohammed Asif T: +91 9449219600,https://presidencyuniversity.in/placements,Verified
Tier 3,CMR Institute of Technology - MBA,"Kundalahalli, Bangalore",Shri. Heroji Anbalagan,Placement Head - MBA,080-28524466,anbalagan.h@cmrit.ac.in,Dr. Poonam V. Tijare: +91 9342581014,https://www.cmrit.ac.in/placements/contact-us,Verified
Tier 3,BNMIT - MBA Placements,"Banashankari, Bangalore",Ms. Payal Jindal,Placement Head - MBA,+91 9902058434,mbaplacements@bnmit.in,payaljindal@bnmit.in,https://www.bnmit.org,Verified
Tier 3,RNSIT - MBA Placements,"RR Nagar, Bangalore",Placement Cell,MBA Placement Office,080-28611880,placement.mba@rnsit.ac.in,Dr. Mamatha G: +91 9945744833,https://www.rnsit.ac.in/placements,Verified
Tier 3,MVJ College - MCA Placements,"Whitefield, Bangalore",Prof. Jayaramu M,Placement Coordinator - MCA,+91 8861292408,director.placement@mvjce.edu.in,Prof. Ujjwal Divakaran: +91 80-42991080,https://mvjce.edu.in,Verified
Tier 3,Acharya - MBA Placements,"Soladevanahalli, Bangalore",Geetha Gopinath,Placement Officer - MBA,+91 7406644449,placements@acharya.ac.in,Dr. Hemamalini M J: hemamalini2951@acharya.ac.in,https://www.ait.ac.in,Verified
Tier 3,SEA College - MBA/MCA Placements,"KR Puram, Bangalore",Dr. Chidanand Prasad R,Director - Placements,+91 8095700789,director.placements@seaedu.ac.in,placement.seacet@gmail.com,https://seacet.edu.in,Verified
Tier 3,Oxford College - MBA/MCA Placements,"HSR Layout, Bangalore",Dr. Bheemeswara Reddy V,Dean - Training & Placements,+91 9035806160,placements@theoxford.edu,Prof. Rajesh G.L: +91 9916468891,https://www.theoxfordengg.org,Verified
Tier 3,HKBK - OneSB Placements,"Nagawara, Bangalore",Placement Cell - OneSB,Training & Placement,+91 9740878146,placements@onesb.edu.in,Spoorthy Mahadikar: placements@hkbk.edu.in,https://hkbk.edu.in,Verified
Tier 3,Jain University - MBA Placements,Bangalore,Premavathi S,Team Lead - Placements & Corporate Relations,+91 9482896935,premavathi.s@jainuniversity.ac.in,placements@jainuniversity.ac.in,https://www.jainuniversity.ac.in,Verified
Tier 3,Alliance University - MBA Placements,"Anekal, Bangalore",Placement Office,Career Advancement & Networking,+91 80 46199066,placements@alliance.edu.in,bindu.ev@alliance.edu.in,https://www.alliance.edu.in,Verified
Tier 3,CMR University - MBA Placements,"HRBR Layout, Bangalore",Aditya Gupta,Director - Training & Placements,+91 80 25426977,aditya.g@cmr.edu.in,Farheen Khan: farheen.k@cmr.edu.in,https://cmr.edu.in/placement-cell,Verified
Tier 3,REVA University - MBA Placements,"Yelahanka, Bangalore",Dr. N. Ramesh,"Dean - Training, Placement & Planning",080-46966966,placement@reva.edu.in,,https://www.reva.edu.in,Verified
Tier 3,New Horizon - MBA Placements,"Kadubeesanahalli, Bangalore",Mr. Pradeep Kote,Sr. Director - CDC,+91 9740033009,sr.dir_cdc@newhorizonindia.edu,tpo_nhce@newhorizonindia.edu,https://placements.newhorizoncollegeofengineering.in,Verified
Tier 3,RajaRajeswari - MBA/MCA Placements,"Mysore Road, Bangalore",Prof. SUSHMA RAWATH,MBA Placement Coordinator,+91 9482413278,placements@rrce.org,Dr. Parameshwara P: +91 9945938845,https://www.rrce.org/placement-contact,Verified
Tier 3,Sapthagiri - MBA Placements,"Hesaraghatta, Bangalore",Prof. Gurucharan Singh,Group CHRO,+91 9008509999,gurucharan.singh@snpsu.edu.in,placements@rrce.org,https://sapthagiri.edu.in,Verified
