City,Tier,College Name,Location,Placement Officer Name,Designation,Phone,Email,Alternate Contact,Website,Verification Status
Chennai,Tier 2,SSN College of Engineering,"Kalavakkam, OMR, Chennai",Placement Manager,Career Development Centre,"+91 7338845102, 044-27469700 Ext:259",placement@ssn.edu.in,"CDC 1st Floor, SSN Campus",https://www.ssn.edu.in/placement,Verified
Chennai,Tier 2,SRM Institute of Science and Technology (Kattankulathur),"Kattankulathur, Chennai",Directorate of Career Centre,Career Centre,"044-27455774, +91 7200478002",placement@srmist.edu.in,+91 9940036016,https://www.srmist.edu.in/placements,Verified
Chennai,Tier 2,SRM IST Ramapuram,"Ramapuram, Chennai",M. Karthick,Head - Placements,+91 9962221050,placement@srmrmp.edu.in,"Mr. T. Madhavan: +91 7550037112, +91 9842916830",https://srmrmp.edu.in/training-and-placement-cell,Verified
Chennai,Tier 2,VIT Chennai,"Vandalur-Kelambakkam Road, Chennai",Dr. Arockia SelvaKumar & Prof. Anantha Krishnan,Assistant Directors - CDC,044-39931555,chennai.pat@vit.ac.in,patqueries.chennai@vit.ac.in; Dr. Padmanabhan R (JD CDC): chennai.jdcdc@vit.ac.in,https://chennai.vit.ac.in/placements,Verified
Chennai,Tier 2,Sathyabama Institute of Science and Technology,"Jeppiaar Nagar, OMR, Chennai",Dr. E. John Bruce,Director - Placement & Corporate Affairs,044-24503810,johnbruce@sathyabama.ac.in,dean.placement@sathyabama.ac.in; director.placement@sathyabama.ac.in,https://www.sathyabama.ac.in/placements,Verified
Chennai,Tier 2,Rajalakshmi Engineering College (REC),"Thandalam, Chennai",Mr. I. Philip Praveen,Director - Training and Placement,"+91 9381436664, 044-67181015",placement@rajalakshmi.edu.in,training@rajalakshmi.edu.in,https://www.rajalakshmi.edu.in,Verified
Chennai,Tier 2,Sri Sairam Engineering College,"West Tambaram, Chennai",Dr. L. Arunachalam,Dean - Training & Placement,"+91 9677054441, 044-22512222",dean.tap@sairam.edu.in,Mr. R. Vedamoorthy (PO): +91 9677065552; sairamplacement@sairam.edu.in,https://sairam.edu.in,Verified
Chennai,Tier 2,Saveetha Engineering College,"Thandalam, Chennai",Dr. Sasikumar Siva,Professor CSE & Head Placement,044-66726666,info@saveetha.ac.in,sechr002@saveetha.ac.in,https://saveetha.ac.in/placement,Verified
Chennai,Tier 2,Sri Venkateswara College of Engineering (SVCE),"Sriperumbudur, Chennai",Dr. T. Ilango,"Director - Admission, Placement & Training",044-27152000,acm@svce.ac.in,Dr. M. Suresh Kumar (Asst PO); Mr. A. Jayakumar (Sr Manager T&P),https://www.svce.ac.in/placement,Verified
Chennai,Tier 2,Panimalar Engineering College,"Poonamallee, Chennai",Prof. N. Viswanathan,Head - Training & Placement,044-26274665,placement@panimalar.ac.in,Mr. A. Amulraj (Placement Coordinator),https://panimalar.ac.in/placement.php,Verified
Chennai,Tier 2,RMK Engineering College,"Kavaraipettai, Chennai",Dr. K.K. Sivagnana Prabhu,Head - Training & Corporate Affairs,"+91 8883033336, 044-67906755",placement@rmkec.ac.in,hod.tnp@rmkec.ac.in; Ms. Dedeepya A: placement@rmkec.ac.in,https://rmkec.ac.in,Verified
Chennai,Tier 2,Chennai Institute of Technology (CIT),"Kundrathur, Chennai",Dr. R. Balamurali,Dean - Industry Relations,"+91 9444112255, 044-71119111",admission@citchennai.net,Dr. T. Vinu: +91 7558106454,https://citchennai.edu.in,Verified
Chennai,Tier 2,KCG College of Technology,"Karapakkam, OMR, Chennai",Dr. Chandramohan R,Dean - Industry Partnership & Corporate Affairs,"+91 9677851471, 044-28389001",placement@kcgcollege.com,+91 8220221114,https://kcgcollege.ac.in/placements,Verified
Chennai,Tier 2,Hindustan Institute of Technology & Science (HITS),"Padur, OMR, Chennai",Mr. S. Arivazhagan,Head - Placement,"+91 8825892154, 1800-425-4438",placement@hindustanuniv.ac.in,044-27474262,https://hindustanuniv.ac.in/placements,Verified
Chennai,Tier 2,B.S. Abdur Rahman Crescent Institute of Science & Technology,"Vandalur, Chennai",Dr. G. Arunachalam,Joint Director - CDC & IR,"+91 9962666506, 044-22759232",placement@crescent.education,arunachalam@crescent.education; +91 7403366001,https://crescent.education/contact-placement,Verified
Chennai,Tier 2,Vel Tech Rangarajan Dr. Sagunthala R&D Institute,"Avadi, Chennai",Dr. P. Vijayaraman,Dean - Campus to Corporate,"+91 9940024091, +91 7338747791",placement@veltech.edu.in,Mr. S P Niithin (PO): +91 9940677935; Bhadhu Ravali (PO),https://www.veltech.edu.in/campus-to-corporate,Verified
Chennai,Tier 2,St. Joseph's College of Engineering,"OMR, Chennai",Dr. B. Diwan,Dean - Career Development Centre,"+91 9944987560, +91 9443782867",placement@stjosephs.ac.in,044-24501060,https://stjosephs.ac.in/placement.html,Verified
Chennai,Tier 2,Easwari Engineering College (SRM Group),"Ramapuram, Chennai",Mr. G. Swaminathan,Placement Officer,+91 7708516957,placement@eec.srmrmp.edu.in,044-43923025,https://srmeaswari.ac.in/placement,Verified
Chennai,Tier 2,Velammal Engineering College,"Surapet, Ambattur, Chennai",Mr. A. Arun Ramaswami,Head - Training & Placement,"+91 9940127839, 044-26590758",placement@velammal.edu.in,+91 9444008233,https://velammal.edu.in,Verified
Chennai,Tier 2,Rajalakshmi Institute of Technology (RIT),"Kuthambakkam, Chennai",Mr. G. Sai Krishnan,Head - Placement & Training,"+91 9710234579, 044-37181600",placement@rajalakshmi.edu.in,Same Rajalakshmi group placement email,https://ritchennai.org,Verified
Chennai,Tier 3,Sri Sairam Institute of Technology (SSIT),"West Tambaram, Chennai",Placement Cell (Sairam Group),Training & Placement,044-22512222,sairamplacement@sairam.edu.in,dean.tap@sairam.edu.in; Dr. L. Arunachalam: +91 9677054441,https://sairamit.edu.in,Verified
Chennai,Tier 3,Jeppiaar Engineering College,"Semmencherry, OMR, Chennai",Training & Placement Department,Placement Cell,"044-24502818, 1800-425-2220",principal@jeppiaarcollege.org,sdc@jeppiaarcollege.org,https://jeppiaarcollege.org,General Office
Chennai,Tier 3,Agni College of Technology,"Thalambur, OMR, Chennai",Placement Cell,Training & Placement,044-67409441 to 044-67409499,mail@act.edu.in,Reception (60 lines),https://www.act.edu.in,General Office
Chennai,Tier 3,Prince Shri Venkateshwara Padmavathy Engineering College,"Ponmar, Chennai",Placement Cell,Training & Placement Cell,"+91 9047040413, +91 9677029234",prince@psvpec.in,300+ companies annually,https://psvpec.in/placements-details,Verified
Chennai,Tier 3,Anand Institute of Higher Technology,"Kazhipattur, Chennai",Placement Cell,Training & Placement,044-27474400,info@aiht.ac.in,Contact college for TPO,https://www.aiht.ac.in,General Office
Chennai,Tier 3,Vel Tech Multi Tech Dr. Rangarajan Dr. Sakunthala Engineering College,"Avadi, Chennai",Placement Cell,Training & Placement,044-26840181,placement@veltech.edu.in,Vel Tech group placement,https://www.veltechmultitech.org,General Office
Chennai,Tier 3,Vel Tech High Tech Dr. Rangarajan Dr. Sakunthala Engineering College,"Avadi, Chennai",Placement Cell,Training & Placement,"+91 7358701998, 044-26840181",info@velhightech.com,+91 7358020151,https://velhightech.com,General Office
Chennai,Tier 3,St. Joseph's Institute of Technology,"OMR, Chennai",Dr. B. Diwan,Dean - Career Development Centre,+91 9944987560,placement@stjosephs.ac.in,Same St. Joseph's Group CDC,https://stjosephstechnology.ac.in,Verified
Chennai,Tier 3,Panimalar Institute of Technology,"Poonamallee, Chennai",Prof. N. Viswanathan,Head - Training & Placement,044-26274665,placement@panimalar.ac.in,Panimalar group placement,https://www.pit.ac.in,Verified
Chennai,Tier 3,RMK College of Engineering and Technology,"Puduvoyal, Chennai",Dr. K.K. Sivagnana Prabhu,Head - Training & Corporate Affairs,+91 8883033336,placement@rmkec.ac.in,RMK Institutions placement cell,https://www.rmkcet.ac.in,Verified
Chennai,Tier 3,RMD Engineering College,"Kavaraipettai, Chennai",Dr. K.K. Sivagnana Prabhu,Head - Training & Corporate Affairs,044-67906755,placement@rmkec.ac.in,RMK group placement,https://www.rmd.ac.in,Verified
Chennai,Tier 3,Jerusalem College of Engineering,"Pallikaranai, Chennai",Placement Cell,Training & Placement,044-22460000,info@jerusalemengg.ac.in,Contact college for TPO,https://www.jerusalemengg.ac.in,General Office
Chennai,Tier 3,Meenakshi Sundararajan Engineering College,"Kodambakkam, Chennai",Placement Cell,Training & Placement,044-24732482,info@msec.edu.in,Contact college for TPO,https://www.msec.edu.in,General Office
Chennai,Tier 3,Dhanalakshmi College of Engineering,"Manimangalam, Chennai",Placement Cell,Training & Placement,044-27178333,info@dce.edu.in,Contact college for TPO,https://www.dce.edu.in,General Office
Chennai,Tier 3,Alpha College of Engineering,"Thirumazhisai, Chennai",Placement Cell,Training & Placement,044-26811515,info@alphagroup.edu,Contact college for TPO,https://www.alphagroup.edu,General Office
Chennai,Tier 3,Loyola-ICAM College of Engineering and Technology (LICET),"Nungambakkam, Chennai",Placement Cell,Career Development Cell,044-28178490,placement@licet.ac.in,info@licet.ac.in,https://www.licet.ac.in,General Office
Chennai,Tier 3,Sri Muthukumaran Institute of Technology,"Chikkarayapuram, Chennai",Placement Cell,Training & Placement,044-24780000,info@smit.ac.in,Contact college for TPO,https://www.smit.ac.in,General Office
Chennai,Tier 3,Misrimal Navajee Munoth Jain Engineering College,"Thoraipakkam, Chennai",Placement Cell,Training & Placement,044-24960101,info@mnmjec.ac.in,Contact college for TPO,https://www.mnmjec.ac.in,General Office
Chennai,Tier 3,Tagore Engineering College,"Vandalur, Chennai",Placement Cell,Training & Placement,044-22797000,info@tagore.edu.in,Contact college for TPO,https://www.tagore.edu.in,General Office
Chennai,Tier 3,Madha Engineering College,"Kundrathur, Chennai",Placement Cell,Training & Placement,044-24780000,info@madhaengineeringcollege.com,Contact college for TPO,https://www.madhaengineeringcollege.com,General Office
Chennai,Tier 3,Kings Engineering College,"Sriperumbudur, Chennai",Placement Cell,Training & Placement,044-27150000,info@kingsindia.net,Contact college for TPO,https://www.kingsindia.net,General Office
Chennai,Tier 3,GKM College of Engineering and Technology,"Mappedu, Chennai",Placement Cell,Training & Placement,044-22780000,info@gkmgroup.in,Contact college for TPO,https://www.gkmgroup.in,General Office
Chennai,Tier 3,Sree Sastha Institute of Engineering and Technology,"Chembarambakkam, Chennai",Placement Cell,Training & Placement,044-26811500,info@sastha.ac.in,Contact college for TPO,https://www.sastha.ac.in,General Office
Chennai,Tier 3,Adhi College of Engineering and Technology,Kanchipuram (Chennai region),Placement Cell,Training & Placement,044-27260000,info@adhi.edu.in,Contact college for TPO,https://www.adhi.edu.in,General Office
Chennai,Tier 3,Aalim Muhammed Salegh College of Engineering,"Avadi, Chennai",Placement Cell,Training & Placement,044-26555431,info@aalimec.ac.in,Contact college for TPO,https://www.aalimec.ac.in,General Office
Chennai,Tier 3,Dr. M.G.R. Educational and Research Institute,"Maduravoyal, Chennai",Placement Cell,Career Development Centre,044-23782176,placement@drmgrdu.ac.in,info@drmgrdu.ac.in,https://www.drmgrdu.ac.in,General Office
Chennai,Tier 3,"Vels Institute of Science, Technology & Advanced Studies (VISTAS)","Pallavaram, Chennai",Placement Cell,Training & Placement,044-22662500,placement@velsuniv.ac.in,info@velsuniv.ac.in,https://www.velsuniv.ac.in,General Office
Chennai,Tier 3,Saveetha School of Engineering (SIMATS),"Thandalam, Chennai",Placement Cell,Training & Placement,044-66726666,info@saveetha.ac.in,Saveetha group placement,https://www.saveetha.ac.in,General Office
Chennai,Tier 3,Hindustan College of Engineering,"Padur, Chennai",Mr. S. Arivazhagan,Head - Placement,+91 8825892154,placement@hindustanuniv.ac.in,HITS group placement,https://hindustanuniv.ac.in,Verified
Chennai,Tier 3,Sri Sai Ram Institute of Technology - MBA,"West Tambaram, Chennai",Dr. L. Arunachalam,Dean - Training & Placement,+91 9677054441,dean.tap@sairam.edu.in,sairamplacement@sairam.edu.in,https://sairamit.edu.in,Verified
Chennai,Tier 3,Rajalakshmi Engineering College - MBA,"Thandalam, Chennai",Mr. I. Philip Praveen,Director - Training and Placement,+91 9381436664,placement@rajalakshmi.edu.in,044-67181015,https://www.rajalakshmi.edu.in,Verified
Chennai,Tier 3,SSN School of Management,"Kalavakkam, Chennai",Placement Manager,Career Development Centre,+91 7338845102,placement@ssn.edu.in,SSN CDC,https://www.ssn.edu.in,Verified
Chennai,Tier 3,SRM IST Vadapalani,"Vadapalani, Chennai",Placement Cell,Career Centre,044-43969999,placement@srmist.edu.in,SRMIST central placement,https://www.srmist.edu.in,General Office
Chennai,Tier 3,Velammal Institute of Technology,"Panchetti, Chennai",Mr. A. Arun Ramaswami,Head - Training & Placement,+91 9940127839,placement@velammal.edu.in,Velammal group placement,https://www.velammalitech.edu.in,Verified
Chennai,Tier 3,KCG College of Technology - MBA,"Karapakkam, Chennai",Dr. Chandramohan R,Dean - Industry Partnership,+91 9677851471,placement@kcgcollege.com,044-28389001,https://kcgcollege.ac.in,Verified
Chennai,Tier 3,Crescent Institute - MBA,"Vandalur, Chennai",Dr. G. Arunachalam,Joint Director - CDC & IR,+91 9962666506,placement@crescent.education,arunachalam@crescent.education,https://crescent.education,Verified
Chennai,Tier 3,Sathyabama - MBA,"Jeppiaar Nagar, Chennai",Dr. E. John Bruce,Director - Placement & Corporate Affairs,044-24503810,dean.placement@sathyabama.ac.in,johnbruce@sathyabama.ac.in,https://www.sathyabama.ac.in,Verified
Chennai,Tier 3,VIT Chennai - MBA,"Vandalur-Kelambakkam, Chennai",CDC Office,Career Development Centre,044-39931555,chennai.pat@vit.ac.in,patqueries.chennai@vit.ac.in,https://chennai.vit.ac.in/placements,Verified
Chennai,Tier 3,Panimalar Engineering College - MBA,"Poonamallee, Chennai",Prof. N. Viswanathan,Head - Training & Placement,044-26274665,placement@panimalar.ac.in,Dr. D. Chitra (MBA Dept Coordinator),https://panimalar.ac.in,Verified
Chennai,Tier 3,St. Joseph's College of Engineering - MBA,"OMR, Chennai",Dr. B. Diwan,Dean - CDC,+91 9944987560,placement@stjosephs.ac.in,+91 9443782867,https://stjosephs.ac.in,Verified
